Region,Market,Year ending December 2018,Year-ending-December-2019,2019 change,Year-ending-December-2020,2020 change,Year ending December 2018,Year ending December 2019,2019 change,Year ending December 2020,2020 change,Year ending December 2018,Year ending December 2019,2019 change,Year ending December 2020,2020 change
Adelaide,International,406,437,8%,96,-78%,"8,033","9,258",15%,"2,372",-74%,970,"1,057",9%,241,-77%
Adelaide,Domestic overnight,"2,862",3485,22%,1653,-53%,"9,661","10,803",12%,"6,331",-41%,"2,307","2,811",22%,"1,287",-54%
Adelaide,Domestic day,"4,808",5784,20%,5407,-7%,-,-,-100%,-,-100%,656,647,-1%,543,-16%
Adelaide,Total,"8,076",9706,20%,7156,-26%,"17,694","20,061",13%,"8,703",-57%,"3,934","4,515",15%,"2,071",-54%
Adelaide Hills,International,12,11,-1%,NP,NP,165,143,-13%,NP,NP,5,11,117%,NP,NP
Adelaide Hills,Domestic overnight,160,214,34%,124,-42%,527,461,-13%,335,-27%,70,87,25%,42,-52%
Adelaide Hills,Domestic day,"1,033",1664,61%,1125,-32%,-,-,-100%,-,-100%,82,108,32%,79,-27%
Adelaide Hills,Total,"1,204",1890,57%,1253,-34%,691,604,-13%,409,-32%,157,207,31%,130,-37%
Alice Springs,International,113,98,-13%,17,-83%,617,550,-11%,119,-78%,66,65,-1%,10,-84%
Alice Springs,Domestic overnight,284,343,21%,129,-63%,"1,146","1,257",10%,595,-53%,218,349,60%,151,-57%
Alice Springs,Domestic day,NP,NP,NP,NP,NP,NP,NP,NP,NP,NP,NP,NP,NP,NP,NP
Alice Springs,Total,433,528,22%,204,-61%,"1,763","1,807",3%,714,-61%,290,433,50%,173,-60%
Australia's Coral Coast,International,87,112,29%,24,-79%,"1,096","1,011",-8%,232,-77%,93,135,46%,26,-81%
Australia's Coral Coast,Domestic overnight,929,1035,11%,1054,2%,"4,311","4,659",8%,"5,067",9%,577,669,16%,702,5%
Australia's Coral Coast,Domestic day,"1,348",1456,8%,794,-46%,-,-,-100%,-,-100%,141,132,-6%,108,-18%
Australia's Coral Coast,Total,"2,363",2603,10%,1872,-28%,"5,407","5,671",5%,"5,299",-7%,811,936,16%,836,-11%
Australia's Golden Outback,International,60,68,13%,15,-78%,608,856,41%,188,-78%,34,44,27%,7,-85%
Australia's Golden Outback,Domestic overnight,"1,021",1461,43%,1085,-26%,"3,934","7,505",91%,"4,949",-34%,498,849,71%,637,-25%
Australia's Golden Outback,Domestic day,837,1113,33%,876,-21%,-,-,-100%,-,-100%,114,120,5%,88,-27%
Australia's Golden Outback,Total,"1,918",2642,38%,1975,-25%,"4,542","8,361",84%,"5,137",-39%,647,"1,013",57%,731,-28%
Australia's North West,International,63,63,1%,8,-88%,"1,458","1,727",19%,240,-86%,93,89,-4%,10,-89%
Australia's North West,Domestic overnight,"1,130",1535,36%,1181,-23%,"9,030","11,614",29%,"9,806",-16%,"1,024","1,396",36%,"1,042",-25%
Australia's North West,Domestic day,502,662,32%,NP,NP,-,-,-100%,NP,NP,134,122,-9%,NP,NP
Australia's North West,Total,"1,696",2261,33%,1469,-35%,"10,487","13,341",27%,"10,046",-25%,"1,251","1,608",29%,"1,107",-31%
Australia's South West,International,195,193,-1%,47,-76%,"1,879","2,088",11%,606,-71%,154,156,1%,32,-80%
Australia's South West,Domestic overnight,"2,828",3076,9%,2739,-11%,"9,108","9,815",8%,"9,554",-3%,"1,448","1,643",14%,"1,705",4%
Australia's South West,Domestic day,"3,826",4282,12%,3121,-27%,-,-,-100%,-,-100%,473,587,24%,427,-27%
Australia's South West,Total,"6,849",7552,10%,5907,-22%,"10,987","11,903",8%,"10,160",-15%,"2,074","2,386",15%,"2,164",-9%
Ballarat,International,23,29,28%,NP,NP,250,529,111%,NP,NP,24,32,32%,NP,NP
Ballarat,Domestic overnight,749,992,32%,433,-56%,"1,459","2,048",40%,"1,232",-40%,230,308,34%,128,-58%
Ballarat,Domestic day,"2,090",2342,12%,1163,-50%,-,-,-100%,-,-100%,198,273,38%,197,-28%
Ballarat,Total,"2,862",3362,18%,1601,-52%,"1,709","2,576",51%,"1,306",-49%,451,613,36%,328,-47%
Barkly,International,13,12,-7%,NP,NP,85,37,-56%,NP,NP,3,2,-39%,NP,NP
Barkly,Domestic overnight,127,99,-22%,NP,NP,288,268,-7%,NP,NP,79,95,21%,NP,NP
Barkly,Domestic day,NP,-,NP,NP,NP,NP,-,NP,NP,NP,NP,-,NP,NP,NP
Barkly,Total,151,112,-26%,NP,NP,372,305,-18%,NP,NP,82,97,18%,NP,NP
Barossa,International,15,14,-11%,NP,NP,80,107,34%,NP,NP,7,10,38%,NP,NP
Barossa,Domestic overnight,227,304,34%,193,-36%,558,682,22%,477,-30%,150,135,-10%,98,-28%
Barossa,Domestic day,819,980,20%,755,-23%,-,-,-100%,-,-100%,82,80,-3%,83,4%
Barossa,Total,"1,061",1297,22%,951,-27%,638,789,24%,506,-36%,240,225,-6%,183,-19%
Bendigo Loddon,International,28,30,8%,NP,NP,343,373,9%,NP,NP,21,20,-7%,NP,NP
Bendigo Loddon,Domestic overnight,"1,122",1316,17%,623,-53%,"2,577","2,723",6%,"1,996",-27%,358,369,3%,173,-53%
Bendigo Loddon,Domestic day,"3,105",3455,11%,1648,-52%,-,-,-100%,-,-100%,302,372,23%,202,-46%
Bendigo Loddon,Total,"4,254",4800,13%,2275,-53%,"2,921","3,096",6%,"2,069",-33%,681,762,12%,379,-50%
Blue Mountains,International,121,115,-5%,14,-88%,573,569,-1%,105,-82%,46,59,29%,16,-72%
Blue Mountains,Domestic overnight,"1,155",1318,14%,947,-28%,"2,594","2,946",14%,"2,191",-26%,410,444,8%,378,-15%
Blue Mountains,Domestic day,"2,930",3200,9%,1836,-43%,-,-,-100%,-,-100%,319,293,-8%,141,-52%
Blue Mountains,Total,"4,206",4633,10%,2797,-40%,"3,167","3,515",11%,"2,297",-35%,775,796,3%,535,-33%
Brisbane,International,"1,400",1482,6%,273,-82%,"28,718","27,642",-4%,"6,306",-77%,"2,734","2,910",6%,781,-73%
Brisbane,Domestic overnight,"7,400",8271,12%,4727,-43%,"21,609","23,903",11%,"14,016",-41%,"4,551","5,335",17%,"2,579",-52%
Brisbane,Domestic day,"16,250",21304,31%,15550,-27%,-,-,-100%,-,-100%,"1,809","2,149",19%,"1,610",-25%
Brisbane,Total,"25,050",31058,24%,20550,-34%,"50,327","51,545",2%,"20,322",-61%,"9,094","10,394",14%,"4,969",-52%
Bundaberg,International,47,43,-9%,9,-79%,947,890,-6%,176,-80%,47,29,-39%,4,-85%
Bundaberg,Domestic overnight,673,760,13%,580,-24%,"2,105","2,670",27%,"1,736",-35%,296,350,18%,242,-31%
Bundaberg,Domestic day,754,931,23%,709,-24%,-,-,-100%,-,-100%,106,128,21%,123,-4%
Bundaberg,Total,"1,475",1734,18%,1298,-25%,"3,052","3,561",17%,"1,913",-46%,450,507,13%,369,-27%
Canberra,International,252,270,7%,39,-85%,"5,838","5,860",0%,964,-84%,686,565,-18%,111,-80%
Canberra,Domestic overnight,"2,767",3203,16%,1657,-48%,"7,391","8,739",18%,"4,803",-45%,"1,815","1,861",3%,978,-48%
Canberra,Domestic day,"2,235",2654,19%,1725,-35%,-,-,-100%,-,-100%,343,395,15%,201,-49%
Canberra,Total,"5,254",6127,17%,3422,-44%,"13,229","14,599",10%,"5,767",-61%,"2,844","2,822",-1%,"1,290",-54%
Capital Country,International,36,33,-9%,5,-84%,497,481,-3%,123,-74%,26,22,-15%,11,-49%
Capital Country,Domestic overnight,"1,513",1734,15%,1178,-32%,"3,247","3,801",17%,"3,100",-19%,498,634,27%,422,-33%
Capital Country,Domestic day,"3,099",3672,19%,2535,-31%,-,-,-100%,-,-100%,308,314,2%,326,4%
Capital Country,Total,"4,648",5439,17%,3718,-32%,"3,744","4,282",14%,"3,223",-25%,832,971,17%,759,-22%
Capricorn,International,71,69,-2%,10,-86%,541,948,75%,46,-95%,37,51,37%,2,-97%
Capricorn,Domestic overnight,"1,166",1164,0%,948,-19%,"4,586","4,509",-2%,"3,810",-16%,580,617,6%,421,-32%
Capricorn,Domestic day,"1,340",1506,12%,1431,-5%,-,-,-100%,-,-100%,193,286,48%,196,-31%
Capricorn,Total,"2,576",2739,6%,2389,-13%,"5,128","5,457",6%,"3,855",-29%,810,954,18%,618,-35%
Central Coast,International,69,63,-9%,13,-80%,851,779,-9%,232,-70%,52,50,-3%,8,-84%
Central Coast,Domestic overnight,"1,401",1939,38%,1515,-22%,"3,703","5,042",36%,"4,031",-20%,538,692,29%,598,-14%
Central Coast,Domestic day,"3,944",4987,27%,3224,-35%,-,-,-100%,-,-100%,329,375,14%,267,-29%
Central Coast,Total,"5,414",6989,29%,4752,-32%,"4,555","5,821",28%,"4,262",-27%,919,"1,117",22%,874,-22%
Central Highlands,International,42,47,12%,13,-73%,249,159,-36%,36,-77%,13,15,16%,1,-94%
Central Highlands,Domestic overnight,392,457,16%,292,-36%,926,"1,080",17%,766,-29%,112,147,32%,110,-25%
Central Highlands,Domestic day,385,514,33%,NP,NP,-,-,-100%,NP,NP,39,37,-4%,NP,NP
Central Highlands,Total,820,1018,24%,552,-46%,"1,175","1,240",6%,802,-35%,164,199,22%,131,-34%
Central Murray,International,15,14,-1%,NP,NP,377,348,-8%,NP,NP,15,20,40%,NP,NP
Central Murray,Domestic overnight,922,954,4%,458,-52%,"2,637","2,903",10%,"1,618",-44%,384,450,17%,223,-51%
Central Murray,Domestic day,"1,142",1036,-9%,732,-29%,-,-,-100%,-,-100%,114,102,-11%,75,-26%
Central Murray,Total,"2,078",2005,-4%,1192,-41%,"3,014","3,251",8%,"1,643",-50%,513,573,12%,299,-48%
Central NSW,International,43,42,-2%,7,-82%,915,682,-26%,112,-84%,40,32,-19%,6,-81%
Central NSW,Domestic overnight,"2,905",2831,-3%,2170,-23%,"8,008","7,155",-11%,"5,896",-18%,"1,223","1,290",6%,"1,161",-10%
Central NSW,Domestic day,"3,018",3771,25%,2426,-36%,-,-,-100%,-,-100%,450,635,41%,355,-44%
Central NSW,Total,"5,965",6643,11%,4603,-31%,"8,923","7,837",-12%,"6,008",-23%,"1,713","1,958",14%,"1,521",-22%
Clare Valley,International,NP,NP,NP,NP,NP,NP,NP,NP,NP,NP,NP,NP,NP,NP,NP
Clare Valley,Domestic overnight,176,199,13%,184,-8%,375,467,24%,599,28%,37,83,122%,97,17%
Clare Valley,Domestic day,265,NP,NP,NP,NP,-,NP,NP,NP,NP,23,NP,NP,NP,NP
Clare Valley,Total,444,545,23%,370,-32%,398,499,25%,600,20%,62,117,88%,119,1%
Darwin,International,123,137,11%,20,-85%,"1,812","1,595",-12%,414,-74%,154,136,-12%,28,-79%
Darwin,Domestic overnight,690,772,12%,307,-60%,"3,900","4,008",3%,"1,876",-53%,907,954,5%,352,-63%
Darwin,Domestic day,339,757,123%,457,-40%,-,-,-100%,-,-100%,49,87,76%,64,-26%
Darwin,Total,"1,153",1666,45%,784,-53%,"5,712","5,602",-2%,"2,290",-59%,"1,110","1,176",6%,444,-62%
Destination Perth,International,916,954,4%,212,-78%,"19,759","19,429",-2%,"5,088",-74%,"1,853","1,959",6%,472,-76%
Destination Perth,Domestic overnight,"4,514",4704,4%,3127,-34%,"15,895","15,555",-2%,"10,275",-34%,"3,559","3,903",10%,"1,976",-49%
Destination Perth,Domestic day,"13,653",16669,22%,12788,-23%,-,-,-100%,-,-100%,"1,227","1,572",28%,"1,453",-8%
Destination Perth,Total,"19,083",22327,17%,16127,-28%,"35,654","34,984",-2%,"15,363",-56%,"6,639","7,435",12%,"3,900",-48%
East Coast,International,70,67,-5%,23,-66%,238,186,-22%,67,-64%,23,21,-11%,24,16%
East Coast,Domestic overnight,491,511,4%,466,-9%,"1,353","1,442",7%,"1,588",10%,170,217,27%,242,12%
East Coast,Domestic day,345,356,3%,NP,NP,-,-,-100%,NP,NP,31,32,3%,NP,NP
East Coast,Total,906,934,3%,791,-15%,"1,591","1,628",2%,"1,655",2%,225,270,20%,295,9%
Eyre Peninsula,International,20,23,16%,NP,NP,88,182,106%,NP,NP,5,13,182%,NP,NP
Eyre Peninsula,Domestic overnight,407,560,38%,346,-38%,"1,838","2,115",15%,"1,510",-29%,276,406,47%,197,-51%
Eyre Peninsula,Domestic day,408,755,85%,413,-45%,-,-,-100%,-,-100%,106,130,23%,83,-36%
Eyre Peninsula,Total,835,1337,60%,763,-43%,"1,926","2,297",19%,"1,539",-33%,386,549,42%,283,-48%
Fleurieu Peninsula,International,25,32,29%,8,-74%,262,261,-1%,66,-75%,15,9,-39%,3,-70%
Fleurieu Peninsula,Domestic overnight,673,869,29%,867,0%,"2,022","2,531",25%,"2,352",-7%,219,290,32%,308,6%
Fleurieu Peninsula,Domestic day,"2,733",3545,30%,2408,-32%,-,-,-100%,-,-100%,221,260,17%,185,-29%
Fleurieu Peninsula,Total,"3,431",4446,30%,3283,-26%,"2,284","2,792",22%,"2,418",-13%,456,559,23%,496,-11%
Flinders Ranges and Outback,International,43,47,11%,NP,NP,252,251,0%,NP,NP,16,16,-1%,NP,NP
Flinders Ranges and Outback,Domestic overnight,713,882,24%,579,-34%,"3,319","3,653",10%,"2,472",-32%,351,425,21%,279,-34%
Flinders Ranges and Outback,Domestic day,605,685,13%,414,-40%,-,-,-100%,-,-100%,111,75,-33%,70,-7%
Flinders Ranges and Outback,Total,"1,361",1614,19%,1000,-38%,"3,571","3,905",9%,"2,501",-36%,479,516,8%,349,-32%
Fraser Coast,International,130,131,1%,26,-80%,510,627,23%,168,-73%,41,46,11%,11,-77%
Fraser Coast,Domestic overnight,755,767,2%,575,-25%,"3,079","3,066",0%,"1,905",-38%,435,412,-5%,326,-21%
Fraser Coast,Domestic day,834,935,12%,371,-60%,-,-,-100%,-,-100%,80,77,-4%,50,-35%
Fraser Coast,Total,"1,719",1833,7%,972,-47%,"3,589","3,693",3%,"2,073",-44%,556,535,-4%,387,-28%
Geelong and the Bellarine,International,56,63,12%,16,-74%,851,"1,482",74%,191,-87%,101,94,-7%,18,-81%
Geelong and the Bellarine,Domestic overnight,"1,412",1669,18%,936,-44%,"3,492","4,183",20%,"3,037",-27%,540,598,11%,393,-34%
Geelong and the Bellarine,Domestic day,"3,907",4696,20%,2509,-47%,-,-,-100%,-,-100%,348,442,27%,228,-48%
Geelong and the Bellarine,Total,"5,375",6428,20%,3462,-46%,"4,343","5,665",30%,"3,228",-43%,990,"1,134",15%,639,-44%
Gippsland,International,49,53,8%,12,-77%,545,535,-2%,110,-80%,44,26,-41%,6,-77%
Gippsland,Domestic overnight,"1,292",1436,11%,1126,-22%,"3,109","3,733",20%,"3,429",-8%,304,364,20%,321,-12%
Gippsland,Domestic day,"3,056",3323,9%,2164,-35%,-,-,-100%,-,-100%,244,337,38%,204,-40%
Gippsland,Total,"4,397",4812,9%,3302,-31%,"3,654","4,268",17%,"3,539",-17%,592,727,23%,531,-27%
Gladstone,International,58,59,3%,9,-84%,222,245,10%,32,-87%,22,18,-17%,2,-89%
Gladstone,Domestic overnight,407,563,38%,415,-26%,"1,383","1,869",35%,"1,498",-20%,268,231,-14%,308,34%
Gladstone,Domestic day,NP,478,NP,NP,NP,NP,-,NP,NP,NP,NP,66,NP,NP,NP
Gladstone,Total,876,1100,26%,755,-31%,"1,605","2,114",32%,"1,530",-28%,335,315,-6%,358,14%
Gold Coast,International,"1,047",1080,3%,173,-84%,"10,021","9,765",-3%,"2,348",-76%,"1,418","1,341",-5%,272,-80%
Gold Coast,Domestic overnight,"3,781",4202,11%,2222,-47%,"14,573","16,559",14%,"7,619",-54%,"3,505","3,691",5%,"1,854",-50%
Gold Coast,Domestic day,"7,647",8880,16%,6280,-29%,-,-,-100%,-,-100%,778,905,16%,595,-34%
Gold Coast,Total,"12,475",14162,14%,8674,-39%,"24,595","26,324",7%,"9,968",-62%,"5,701","5,937",4%,"2,721",-54%
Goulburn,International,21,18,-15%,NP,NP,546,661,21%,NP,NP,20,29,46%,NP,NP
Goulburn,Domestic overnight,714,690,-3%,545,-21%,"2,093","2,018",-4%,"1,390",-31%,156,206,32%,148,-28%
Goulburn,Domestic day,"1,559",2079,33%,1068,-49%,-,-,-100%,-,-100%,190,216,13%,109,-50%
Goulburn,Total,"2,294",2787,22%,1616,-42%,"2,639","2,679",2%,"1,467",-45%,366,451,23%,259,-43%
Great Ocean Road,International,239,243,2%,57,-77%,"1,060","1,088",3%,279,-74%,115,114,-1%,17,-85%
Great Ocean Road,Domestic overnight,"2,269",2776,22%,1604,-42%,"6,078","7,474",23%,"5,748",-23%,915,"1,094",20%,820,-25%
Great Ocean Road,Domestic day,"3,157",4019,27%,2224,-45%,-,-,-100%,-,-100%,327,368,12%,224,-39%
Great Ocean Road,Total,"5,665",7038,24%,3884,-45%,"7,138","8,562",20%,"6,027",-30%,"1,358","1,576",16%,"1,061",-33%
High Country,International,38,33,-13%,6,-82%,486,308,-37%,41,-87%,26,22,-17%,1,-96%
High Country,Domestic overnight,"1,927",2075,8%,835,-60%,"5,800","5,743",-1%,"2,986",-48%,970,"1,029",6%,392,-62%
High Country,Domestic day,"2,061",2075,1%,1018,-51%,-,-,-100%,-,-100%,237,218,-8%,97,-55%
High Country,Total,"4,026",4182,4%,1859,-56%,"6,286","6,052",-4%,"3,027",-50%,"1,233","1,269",3%,491,-61%
Hobart and the South,International,275,243,-12%,71,-71%,"3,316","2,356",-29%,826,-65%,379,366,-3%,107,-71%
Hobart and the South,Domestic overnight,"1,644",1747,6%,1015,-42%,"5,579","6,106",10%,"3,986",-35%,"1,416","1,523",8%,747,-51%
Hobart and the South,Domestic day,"2,636",3133,19%,2143,-32%,-,-,-100%,-,-100%,269,303,13%,213,-30%
Hobart and the South,Total,"4,555",5123,13%,3229,-37%,"8,895","8,462",-5%,"4,812",-43%,"2,065","2,193",6%,"1,067",-51%
Hunter,International,208,195,-6%,34,-83%,"3,137","2,544",-19%,480,-81%,211,215,2%,35,-84%
Hunter,Domestic overnight,"3,913",4621,18%,3077,-33%,"10,578","12,325",17%,"8,482",-31%,"1,754","2,104",20%,"1,530",-27%
Hunter,Domestic day,"6,967",8435,21%,5363,-36%,-,-,-100%,-,-100%,763,859,13%,561,-35%
Hunter,Total,"11,087",13251,20%,8474,-36%,"13,715","14,869",8%,"8,962",-40%,"2,728","3,177",17%,"2,127",-33%
Kangaroo Island,International,46,53,15%,NP,NP,106,141,34%,NP,NP,37,53,43%,NP,NP
Kangaroo Island,Domestic overnight,119,155,31%,143,-7%,399,564,41%,651,15%,75,121,61%,151,25%
Kangaroo Island,Domestic day,NP,NP,NP,NP,NP,NP,NP,NP,NP,NP,NP,NP,NP,NP,NP
Kangaroo Island,Total,206,326,58%,222,-32%,505,705,40%,672,-5%,116,191,64%,162,-15%
Katherine Daly,International,27,33,21%,NP,NP,273,244,-10%,NP,NP,11,10,-14%,NP,NP
Katherine Daly,Domestic overnight,334,280,-16%,217,-22%,"1,564","1,009",-36%,587,-42%,190,146,-23%,84,-42%
Katherine Daly,Domestic day,167,NP,NP,NP,NP,-,NP,NP,NP,NP,90,NP,NP,NP,NP
Katherine Daly,Total,527,502,-5%,363,-28%,"1,837","1,253",-32%,641,-49%,292,181,-38%,106,-41%
Lakes,International,49,46,-6%,NP,NP,253,239,-6%,NP,NP,6,12,99%,NP,NP
Lakes,Domestic overnight,820,829,1%,634,-24%,"2,594","2,652",2%,"2,182",-18%,289,290,0%,284,-2%
Lakes,Domestic day,624,733,17%,539,-26%,-,-,-100%,-,-100%,68,89,30%,73,-18%
Lakes,Total,"1,494",1608,8%,1179,-27%,"2,847","2,891",2%,"2,231",-23%,363,391,8%,359,-8%
Lasseter,International,180,167,-7%,27,-84%,570,501,-12%,99,-80%,198,183,-8%,26,-86%
Lasseter,Domestic overnight,206,283,37%,NP,NP,680,985,45%,NP,NP,298,356,19%,NP,NP
Lasseter,Domestic day,NP,NP,NP,NP,NP,NP,NP,NP,NP,NP,NP,NP,NP,NP,NP
Lasseter,Total,403,459,14%,132,-71%,"1,250","1,485",19%,437,-71%,498,539,8%,126,-77%
Launceston and the North,International,119,116,-2%,27,-76%,772,"1,001",30%,212,-79%,77,125,62%,18,-86%
Launceston and the North,Domestic overnight,858,1021,19%,589,-42%,"2,552","2,740",7%,"1,893",-31%,571,640,12%,322,-50%
Launceston and the North,Domestic day,"2,082",2209,6%,1330,-40%,-,-,-100%,-,-100%,197,252,28%,222,-12%
Launceston and the North,Total,"3,059",3347,9%,1946,-42%,"3,324","3,740",13%,"2,105",-44%,845,"1,017",20%,561,-45%
Limestone Coast,International,43,45,4%,14,-69%,298,221,-26%,86,-61%,23,17,-28%,5,-70%
Limestone Coast,Domestic overnight,612,730,19%,500,-32%,"1,700","2,137",26%,"1,445",-32%,210,307,46%,242,-21%
Limestone Coast,Domestic day,812,740,-9%,650,-12%,-,-,-100%,-,-100%,97,97,1%,111,14%
Limestone Coast,Total,"1,468",1514,3%,1163,-23%,"1,998","2,358",18%,"1,531",-35%,330,421,27%,358,-15%
Litchfield Kakadu Arnhem,International,36,40,12%,NP,NP,186,198,7%,NP,NP,30,33,13%,NP,NP
Litchfield Kakadu Arnhem,Domestic overnight,297,330,11%,242,-27%,"1,130","1,137",1%,800,-30%,151,175,16%,117,-33%
Litchfield Kakadu Arnhem,Domestic day,409,507,24%,NP,NP,-,-,-100%,NP,NP,36,59,64%,NP,NP
Litchfield Kakadu Arnhem,Total,741,877,18%,530,-40%,"1,316","1,335",2%,820,-39%,217,267,23%,158,-41%
MacDonnell,International,9,13,39%,NP,NP,20,23,15%,NP,NP,9,8,-11%,NP,NP
MacDonnell,Domestic overnight,48,115,138%,NP,NP,179,294,64%,NP,NP,17,61,259%,NP,NP
MacDonnell,Domestic day,NP,NP,NP,NP,NP,NP,NP,NP,NP,NP,NP,NP,NP,NP,NP
MacDonnell,Total,92,199,115%,NP,NP,199,317,59%,NP,NP,27,75,179%,NP,NP
Macedon,International,13,11,-15%,NP,NP,166,125,-25%,NP,NP,8,9,1%,NP,NP
Macedon,Domestic overnight,352,409,16%,181,-56%,807,754,-7%,384,-49%,103,83,-20%,44,-47%
Macedon,Domestic day,"1,257",1704,36%,1149,-33%,-,-,-100%,-,-100%,87,122,41%,68,-44%
Macedon,Total,"1,621",2124,31%,1333,-37%,972,878,-10%,439,-50%,198,213,8%,114,-46%
Mackay,International,56,48,-16%,7,-85%,418,418,0%,65,-84%,19,17,-12%,3,-84%
Mackay,Domestic overnight,"1,011",1063,5%,939,-12%,"3,991","4,380",10%,"3,905",-11%,523,515,-2%,400,-22%
Mackay,Domestic day,733,843,15%,788,-7%,-,-,-100%,-,-100%,116,126,9%,103,-18%
Mackay,Total,"1,800",1954,9%,1734,-11%,"4,409","4,798",9%,"3,970",-17%,658,658,0%,506,-23%
Mallee,International,23,26,9%,NP,NP,850,899,6%,NP,NP,30,43,44%,NP,NP
Mallee,Domestic overnight,793,858,8%,390,-55%,"2,515","2,593",3%,"1,268",-51%,385,355,-8%,176,-50%
Mallee,Domestic day,495,792,60%,392,-51%,-,-,-100%,-,-100%,82,129,57%,67,-48%
Mallee,Total,"1,311",1675,28%,787,-53%,"3,365","3,492",4%,"1,373",-61%,497,527,6%,248,-53%
Melbourne,International,"2,889",2967,3%,578,-81%,"64,745","63,277",-2%,"17,484",-72%,"7,887","8,215",4%,"2,340",-72%
Melbourne,Domestic overnight,"10,046",11435,14%,3543,-69%,"27,897","30,727",10%,"11,578",-62%,"8,448","9,525",13%,"2,617",-73%
Melbourne,Domestic day,"19,386",25076,29%,12288,-51%,-,-,-100%,-,-100%,"2,216","2,601",17%,"1,240",-52%
Melbourne,Total,"32,321",39478,22%,16409,-58%,"92,643","94,004",2%,"29,061",-69%,"18,551","20,341",10%,"6,198",-70%
Melbourne East,International,44,62,41%,13,-80%,816,"1,317",62%,234,-82%,58,59,2%,9,-85%
Melbourne East,Domestic overnight,628,835,33%,414,-50%,"1,506","2,019",34%,832,-59%,261,277,6%,103,-63%
Melbourne East,Domestic day,"4,057",4998,23%,1932,-61%,-,-,-100%,-,-100%,286,435,52%,148,-66%
Melbourne East,Total,"4,730",5895,25%,2358,-60%,"2,322","3,337",44%,"1,067",-68%,605,771,27%,260,-66%
Murray East,International,NP,NP,NP,NP,NP,NP,NP,NP,NP,NP,NP,NP,NP,NP,NP
Murray East,Domestic overnight,170,217,28%,96,-56%,392,700,79%,283,-60%,82,87,6%,48,-44%
Murray East,Domestic day,NP,NP,NP,NP,NP,NP,NP,NP,NP,NP,NP,NP,NP,NP,NP
Murray East,Total,335,476,42%,304,-36%,459,758,65%,293,-61%,103,118,15%,91,-23%
"Murray River, Lakes and Coorong",International,12,NP,NP,NP,NP,289,NP,NP,NP,NP,8,NP,NP,NP,NP
"Murray River, Lakes and Coorong",Domestic overnight,341,444,30%,364,-18%,844,"1,231",46%,833,-32%,92,157,71%,79,-50%
"Murray River, Lakes and Coorong",Domestic day,901,1223,36%,925,-24%,-,-,-100%,-,-100%,55,118,113%,56,-52%
"Murray River, Lakes and Coorong",Total,"1,253",1675,34%,1293,-23%,"1,133","1,347",19%,860,-36%,155,281,81%,137,-51%
New England North West,International,36,38,6%,7,-82%,904,"1,014",12%,390,-62%,62,49,-21%,18,-64%
New England North West,Domestic overnight,"1,618",1744,8%,1115,-36%,"4,252","4,740",12%,"3,164",-33%,631,719,14%,454,-37%
New England North West,Domestic day,"1,682",2286,36%,1633,-29%,-,-,-100%,-,-100%,251,336,34%,220,-35%
New England North West,Total,"3,335",4067,22%,2755,-32%,"5,156","5,754",12%,"3,554",-38%,944,"1,104",17%,692,-37%
North Coast NSW,International,355,375,6%,68,-82%,"3,770","4,171",11%,755,-82%,230,265,15%,44,-83%
North Coast NSW,Domestic overnight,"5,707",6402,12%,4305,-33%,"20,925","24,293",16%,"18,471",-24%,"3,483","3,948",13%,"3,004",-24%
North Coast NSW,Domestic day,"7,416",8510,15%,5558,-35%,-,-,-100%,-,-100%,808,961,19%,669,-30%
North Coast NSW,Total,"13,479",15287,13%,9931,-35%,"24,694","28,463",15%,"19,227",-33%,"4,521","5,174",14%,"3,717",-28%
North West,International,80,77,-3%,23,-70%,535,599,12%,175,-71%,34,35,3%,16,-55%
North West,Domestic overnight,560,590,5%,446,-25%,"2,092","1,767",-16%,"1,351",-24%,349,285,-18%,226,-21%
North West,Domestic day,"1,172",1492,27%,939,-37%,-,-,-100%,-,-100%,129,189,46%,90,-52%
North West,Total,"1,812",2159,19%,1408,-35%,"2,626","2,366",-10%,"1,527",-36%,512,509,-1%,331,-35%
Not allocated to Australia,International,"7,819",7957,2%,1527,-81%,-,-,-100%,-,-100%,"12,183","12,550",3%,"2,751",-78%
Not allocated to Australia,Domestic overnight,-,-,-100%,-,-100%,-,-,-100%,-,-100%,-,-,-100%,-,-100%
Not allocated to Australia,Domestic day,-,-,-100%,-,-100%,-,-,-100%,-,-100%,-,-,-100%,-,-100%
Not allocated to Australia,Total,"7,819",7957,2%,1527,-81%,-,-,-100%,-,-100%,"12,183","12,550",3%,"2,751",-78%
Not allocated to State/Territory,International,"1,026",1051,3%,334,-68%,-,-,-100%,-,-100%,"1,501","1,392",-7%,506,-64%
Not allocated to State/Territory,Domestic overnight,-,-,-100%,-,-100%,-,-,-100%,-,-100%,-,-,-100%,-,-100%
Not allocated to State/Territory,Domestic day,-,-,-100%,-,-100%,-,-,-100%,-,-100%,-,-,-100%,-,-100%
Not allocated to State/Territory,Total,"1,026",1051,3%,334,-68%,-,-,-100%,-,-100%,"1,501","1,392",-7%,506,-64%
Outback NSW,International,14,11,-18%,NP,NP,305,190,-38%,NP,NP,18,3,-82%,NP,NP
Outback NSW,Domestic overnight,532,662,24%,432,-35%,"2,240","2,067",-8%,"2,351",14%,192,390,103%,257,-34%
Outback NSW,Domestic day,NP,NP,NP,NP,NP,NP,NP,NP,NP,NP,NP,NP,NP,NP,NP
Outback NSW,Total,767,1054,37%,672,-36%,"2,544","2,257",-11%,"2,376",5%,236,446,89%,288,-35%
Outback Queensland,International,29,25,-15%,NP,NP,541,329,-39%,NP,NP,22,14,-37%,NP,NP
Outback Queensland,Domestic overnight,863,1080,25%,823,-24%,"4,791","5,876",23%,"4,311",-27%,606,745,23%,463,-38%
Outback Queensland,Domestic day,660,722,9%,539,-25%,-,-,-100%,-,-100%,57,139,146%,82,-41%
Outback Queensland,Total,"1,553",1827,18%,1367,-25%,"5,332","6,205",16%,"4,499",-28%,685,898,31%,553,-38%
Peninsula,International,61,73,19%,18,-75%,869,"1,146",32%,260,-77%,59,78,32%,16,-80%
Peninsula,Domestic overnight,"1,818",2085,15%,1269,-39%,"4,649","5,590",20%,"3,633",-35%,622,788,27%,457,-42%
Peninsula,Domestic day,"5,921",6363,8%,3312,-48%,-,-,-100%,-,-100%,452,508,12%,252,-50%
Peninsula,Total,"7,800",8521,9%,4599,-46%,"5,519","6,736",22%,"3,893",-42%,"1,134","1,375",21%,725,-47%
Phillip Island,International,62,57,-9%,15,-73%,194,149,-23%,82,-45%,23,26,11%,9,-65%
Phillip Island,Domestic overnight,930,1084,17%,585,-46%,"2,398","2,926",22%,"1,868",-36%,345,416,21%,198,-53%
Phillip Island,Domestic day,"1,280",1517,19%,826,-46%,-,-,-100%,-,-100%,120,137,14%,91,-34%
Phillip Island,Total,"2,273",2658,17%,1426,-46%,"2,592","3,074",19%,"1,950",-37%,488,578,19%,297,-49%
Riverina,International,23,25,5%,NP,NP,721,551,-24%,NP,NP,29,22,-26%,NP,NP
Riverina,Domestic overnight,"1,255",1231,-2%,811,-34%,"3,158","2,951",-7%,"2,731",-8%,513,455,-11%,348,-24%
Riverina,Domestic day,"1,636",1558,-5%,1372,-12%,-,-,-100%,-,-100%,264,232,-12%,257,11%
Riverina,Total,"2,914",2813,-4%,2189,-22%,"3,879","3,502",-10%,"2,991",-15%,805,709,-12%,617,-13%
Riverland,International,10,10,-4%,NP,NP,203,181,-11%,NP,NP,10,6,-40%,NP,NP
Riverland,Domestic overnight,368,420,14%,334,-20%,"1,062","1,132",7%,978,-14%,129,157,21%,119,-24%
Riverland,Domestic day,341,430,26%,390,-9%,-,-,-100%,-,-100%,35,33,-8%,24,-28%
Riverland,Total,719,859,20%,727,-15%,"1,265","1,313",4%,"1,060",-19%,175,195,12%,146,-25%
Snowy Mountains,International,23,27,17%,NP,NP,278,446,61%,NP,NP,17,20,20%,NP,NP
Snowy Mountains,Domestic overnight,"1,017",960,-6%,674,-30%,"3,419","2,872",-16%,"2,168",-25%,710,706,0%,535,-24%
Snowy Mountains,Domestic day,620,692,12%,557,-20%,-,-,-100%,-,-100%,60,75,24%,59,-22%
Snowy Mountains,Total,"1,661",1679,1%,1234,-27%,"3,696","3,318",-10%,"2,226",-33%,786,801,2%,595,-26%
South Coast,International,194,185,-5%,36,-80%,"2,647","2,582",-3%,654,-75%,269,265,-1%,53,-80%
South Coast,Domestic overnight,"4,143",4563,10%,3727,-18%,"12,901","15,274",18%,"11,952",-22%,"1,862","2,192",18%,"1,799",-18%
South Coast,Domestic day,"6,743",8046,19%,6049,-25%,-,-,-100%,-,-100%,608,800,32%,549,-32%
South Coast,Total,"11,080",12793,16%,9812,-23%,"15,548","17,856",15%,"12,606",-29%,"2,738","3,258",19%,"2,401",-26%
Southern Queensland Country,International,56,56,2%,10,-83%,"1,501","1,560",4%,281,-82%,58,93,61%,9,-90%
Southern Queensland Country,Domestic overnight,"2,154",2195,2%,1646,-25%,"5,729","5,901",3%,"4,718",-20%,766,810,6%,578,-29%
Southern Queensland Country,Domestic day,"4,127",4014,-3%,3155,-21%,-,-,-100%,-,-100%,607,477,-21%,398,-17%
Southern Queensland Country,Total,"6,337",6266,-1%,4811,-23%,"7,231","7,462",3%,"5,000",-33%,"1,430","1,380",-4%,985,-29%
Spa Country,International,NP,NP,NP,NP,NP,NP,NP,NP,NP,NP,NP,NP,NP,NP,NP
Spa Country,Domestic overnight,444,507,14%,195,-62%,"1,054","1,041",-1%,399,-62%,209,224,7%,120,-47%
Spa Country,Domestic day,734,865,18%,516,-40%,-,-,-100%,-,-100%,71,88,24%,44,-50%
Spa Country,Total,"1,185",1381,17%,713,-48%,"1,083","1,208",12%,407,-66%,282,314,11%,165,-48%
Sunshine Coast,International,311,330,6%,56,-83%,"2,778","2,842",2%,634,-78%,246,283,15%,58,-80%
Sunshine Coast,Domestic overnight,"3,622",4048,12%,3034,-25%,"12,763","14,540",14%,"10,527",-28%,"2,350","2,745",17%,"1,953",-29%
Sunshine Coast,Domestic day,"6,982",7897,13%,6286,-20%,-,-,-100%,-,-100%,670,704,5%,603,-14%
Sunshine Coast,Total,"10,915",12275,13%,9376,-24%,"15,541","17,382",12%,"11,161",-36%,"3,267","3,732",14%,"2,614",-30%
Sydney,International,"4,091",4106,0%,781,-81%,"81,284","82,111",1%,"20,775",-75%,"9,708","10,353",7%,"2,479",-76%
Sydney,Domestic overnight,"11,101",12655,14%,5623,-56%,"29,572","34,988",18%,"16,886",-52%,"8,829","9,392",6%,"3,324",-65%
Sydney,Domestic day,"22,569",28109,25%,19400,-31%,-,-,-100%,-,-100%,"2,564","3,069",20%,"1,740",-43%
Sydney,Total,"37,760",44870,19%,25803,-43%,"110,856","117,099",6%,"37,660",-68%,"21,102","22,814",8%,"7,542",-67%
The Murray,International,27,33,21%,NP,NP,321,454,41%,NP,NP,21,26,29%,NP,NP
The Murray,Domestic overnight,"1,178",1361,16%,722,-47%,"3,032","3,693",22%,"2,169",-41%,476,592,24%,319,-46%
The Murray,Domestic day,"1,483",1435,-3%,877,-39%,-,-,-100%,-,-100%,256,252,-2%,158,-37%
The Murray,Total,"2,687",2829,5%,1604,-43%,"3,354","4,147",24%,"2,220",-47%,752,870,16%,480,-45%
Total,International,"8,524",8709,2%,1705,-80%,"273,793","274,477",0%,"68,973",-75%,"43,918","45,380",3%,"11,040",-76%
Total,Domestic overnight,"104,822",117448,12%,72514,-38%,"371,528","417,907",13%,"275,404",-34%,"71,811","80,692",12%,"45,642",-43%
Total,Domestic day,"205,344",248349,21%,164192,-34%,-,-,-100%,-,-100%,"22,421","26,338",18%,"17,433",-34%
Total,Total,"318,690",374506,18%,238411,-36%,"645,321","692,384",7%,"344,377",-50%,"138,150","152,411",10%,"74,115",-51%
Townsville,International,136,126,-7%,23,-82%,"1,264","1,447",15%,239,-84%,66,96,46%,27,-71%
Townsville,Domestic overnight,"1,336",1297,-3%,797,-39%,"4,678","4,786",2%,"2,778",-42%,864,790,-9%,515,-35%
Townsville,Domestic day,"1,418",1557,10%,1195,-23%,-,-,-100%,-,-100%,171,236,38%,126,-47%
Townsville,Total,"2,890",2981,3%,2015,-32%,"5,941","6,233",5%,"3,016",-52%,"1,100","1,122",2%,669,-40%
Tropical North Queensland,International,863,808,-6%,133,-84%,"6,288","6,833",9%,"1,451",-79%,"1,071","1,028",-4%,181,-82%
Tropical North Queensland,Domestic overnight,"2,024",2218,10%,1448,-35%,"10,422","11,188",7%,"6,993",-38%,"2,351","2,508",7%,"1,445",-42%
Tropical North Queensland,Domestic day,"2,442",3271,34%,2355,-28%,-,-,-100%,-,-100%,438,428,-2%,280,-35%
Tropical North Queensland,Total,"5,329",6298,18%,3936,-38%,"16,710","18,021",8%,"8,444",-53%,"3,860","3,964",3%,"1,906",-52%
Upper Yarra,International,4,3,-18%,2,-41%,42,54,28%,48,-10%,4,1,-84%,2,172%
Upper Yarra,Domestic overnight,235,333,42%,145,-56%,575,700,22%,356,-49%,51,84,64%,28,-66%
Upper Yarra,Domestic day,831,768,-8%,505,-34%,-,-,-100%,-,-100%,64,55,-14%,32,-42%
Upper Yarra,Total,"1,069",1105,3%,652,-41%,617,753,22%,404,-46%,119,140,17%,62,-56%
West Coast,International,29,23,-23%,9,-61%,45,59,30%,15,-74%,30,4,-87%,5,17%
West Coast,Domestic overnight,155,209,35%,122,-42%,403,564,40%,587,4%,95,90,-5%,77,-14%
West Coast,Domestic day,NP,NP,NP,NP,NP,NP,NP,NP,NP,NP,NP,NP,NP,NP,NP
West Coast,Total,239,343,44%,157,-54%,448,623,39%,603,-3%,130,100,-23%,83,-17%
Western Grampians,International,NP,NP,NP,NP,NP,NP,NP,NP,NP,NP,NP,NP,NP,NP,NP
Western Grampians,Domestic overnight,461,428,-7%,259,-40%,"1,107","1,097",-1%,616,-44%,151,118,-22%,119,1%
Western Grampians,Domestic day,657,565,-14%,430,-24%,-,-,-100%,-,-100%,68,77,13%,79,4%
Western Grampians,Total,"1,124",1000,-11%,692,-31%,"1,218","1,175",-4%,653,-44%,225,198,-12%,202,2%
Whitsundays,International,234,220,-6%,43,-80%,"1,294","1,369",6%,232,-83%,211,152,-28%,40,-74%
Whitsundays,Domestic overnight,640,631,-1%,532,-16%,"2,963","2,788",-6%,"2,124",-24%,734,543,-26%,631,16%
Whitsundays,Domestic day,NP,515,NP,NP,NP,NP,-,NP,NP,NP,NP,113,NP,NP,NP
Whitsundays,Total,"1,134",1367,21%,852,-38%,"4,257","4,158",-2%,"2,356",-43%,980,807,-18%,704,-13%
Wimmera,International,NP,NP,NP,NP,NP,NP,NP,NP,NP,NP,NP,NP,NP,NP,NP
Wimmera,Domestic overnight,292,259,-12%,148,-43%,941,499,-47%,453,-9%,69,110,60%,53,-52%
Wimmera,Domestic day,NP,NP,NP,NP,NP,NP,NP,NP,NP,NP,NP,NP,NP,NP,NP
Wimmera,Total,461,564,22%,341,-40%,953,538,-44%,472,-12%,81,146,80%,64,-56%
Yorke Peninsula,International,NP,NP,NP,NP,NP,NP,NP,NP,NP,NP,NP,NP,NP,NP,NP
Yorke Peninsula,Domestic overnight,500,586,17%,554,-5%,"1,397","1,773",27%,"1,848",4%,149,171,15%,161,-6%
Yorke Peninsula,Domestic day,592,791,34%,613,-23%,-,-,-100%,-,-100%,43,63,47%,49,-22%
Yorke Peninsula,Total,"1,100",1385,26%,1169,-16%,"1,470","1,817",24%,"1,863",3%,195,240,23%,211,-12%
